{"id":"228ca7fa-41f6-43df-92ce-7c41dae0052a","revision":0,"last_node_id":0,"last_link_id":0,"nodes":[],"links":[],"groups":[],"config":{},"extra":{"ds":{"scale":0.7200139031728341,"offset":[-1824.4450001095763,732.7529251727377]}},"version":0.4}